Project Name,Package Name,Type Name,LCOM1,LCOM2,LCOM3,LCOM4,LCOM5,YALCOM
.,(default package),MavenWrapperDownloader,3.0,0.0,3.0,3.0,1.1,1.0
.,(default package),A,0.0,0.0,1.0,1.0,0.0,0.0
.,VariableDeclaration,VariableDeclaration,0.0,0.0,8.0,8.0,0.0,-1.0
.,bg,Generics,1.0,0.0,2.0,2.0,0.0,1.0
.,bg,Generics2,3.0,0.0,3.0,3.0,0.0,1.0
.,innerclasses,SC2,3.0,0.0,3.0,3.0,0.0,1.0
.,innerclasses,X,0.0,0.0,1.0,1.0,0.0,0.0
.,innerclasses,MessyClass,105.0,105.0,15.0,15.0,1.0,1.0
.,innerclasses,InnerClass1,1.0,0.0,2.0,2.0,0.0,1.0
.,innerclasses,InnerClass2,3.0,0.0,3.0,3.0,0.0,1.0
.,innerclasses,InnerClass3,0.0,0.0,1.0,1.0,0.0,0.0
.,java11,Java11,1.0,0.0,2.0,1.0,0.0,0.0
.,MethodInvocation,Complex1,55.0,55.0,11.0,6.0,1.0,0.5454545454545454
.,MethodInvocation,Complex2,1.0,1.0,2.0,1.0,1.0,0.0
.,MethodInvocation,Simple2,1.0,0.0,2.0,1.0,0.0,0.0
.,MethodInvocation,GO2,1.0,0.0,2.0,2.0,0.0,1.0
.,cbo,B,0.0,0.0,1.0,1.0,0.0,0.0
.,cbo,Coupling4,0.0,0.0,1.0,1.0,0.0,0.0
.,cbo,Coupling8,0.0,0.0,1.0,1.0,0.0,0.0
.,cbo,Coupling81,0.0,0.0,2.0,2.0,0.0,0.0
.,cbo,Coupling82,0.0,0.0,1.0,1.0,0.0,0.0
.,cbo,Coupling83,0.0,0.0,1.0,1.0,0.0,0.0
.,cbo,Coupling9,0.0,0.0,1.0,1.0,0.0,0.0
.,cbo,CouplingHelper,0.0,0.0,1.0,1.0,0.0,0.0
.,cbo,Coupling12,0.0,0.0,1.0,1.0,0.0,0.0
.,cbo,Coupling5,5.0,4.0,4.0,4.0,1.0,0.75
.,cbo,C,0.0,0.0,1.0,1.0,0.0,0.0
.,cbo,NotResolved,15.0,0.0,6.0,6.0,0.0,1.0
.,cbo,Coupling2,1.0,0.0,2.0,2.0,0.0,1.0
.,cbo,Coupling3,0.0,0.0,1.0,1.0,0.0,0.0
.,cbo,CInterface,0.0,0.0,0.0,0.0,0.0,-1.0
.,cbo,Coupling0,1.0,0.0,2.0,2.0,0.0,1.0
.,cbo,Coupling1,0.0,0.0,2.0,2.0,0.0,0.0
.,cbo,SampleClassWithStaticMethod,0.0,0.0,1.0,1.0,0.0,0.0
.,cbo,Coupling6,0.0,0.0,1.0,1.0,0.0,-1.0
.,cbo,Coupling61,0.0,0.0,1.0,1.0,0.0,-1.0
.,cbo,Coupling62,0.0,0.0,1.0,1.0,0.0,-1.0
.,cbo,Coupling63,0.0,0.0,1.0,1.0,0.0,-1.0
.,cbo,Coupling64,0.0,0.0,1.0,1.0,0.0,-1.0
.,cbo,Coupling65,0.0,0.0,1.0,1.0,0.0,-1.0
.,cbo,MethodParams,0.0,0.0,1.0,1.0,0.0,0.0
.,cbo,Box,0.0,0.0,1.0,1.0,-0.0,0.0
.,cbo,Coupling11,0.0,0.0,3.0,3.0,0.0,0.0
.,cbo,InnerClass1,0.0,0.0,0.0,0.0,0.0,-1.0
.,cbo,Coupling10,0.0,0.0,1.0,1.0,-0.0,0.0
.,cbo,A,0.0,0.0,1.0,1.0,0.0,0.0
.,cbo,Coupling7,0.0,0.0,1.0,1.0,0.0,-1.0
.,cbo,Coupling71,0.0,0.0,1.0,1.0,0.0,-1.0
.,cbo,Coupling72,0.0,0.0,1.0,1.0,0.0,-1.0
.,cbo,Coupling73,0.0,0.0,1.0,1.0,0.0,-1.0
.,cbo,Coupling74,0.0,0.0,1.0,1.0,0.0,-1.0
.,cbo,Coupling75,0.0,0.0,1.0,1.0,0.0,-1.0
.,dit,D,0.0,0.0,0.0,0.0,0.0,-1.0
.,dit,B,0.0,0.0,0.0,0.0,0.0,-1.0
.,dit,C,0.0,0.0,0.0,0.0,0.0,-1.0
.,dit,D,0.0,0.0,0.0,0.0,0.0,-1.0
.,dit,C2,0.0,0.0,0.0,0.0,0.0,-1.0
.,dit,X,0.0,0.0,0.0,0.0,0.0,-1.0
.,dit,A,0.0,0.0,0.0,0.0,0.0,-1.0
.,strings,Strings,3.0,0.0,3.0,3.0,0.0,1.0
.,modifiers,ClassWithModifiers,6.0,0.0,4.0,4.0,0.0,1.0
.,methods,Methods2,3.0,0.0,3.0,3.0,0.0,1.0
.,methods,Methods,36.0,0.0,9.0,9.0,0.0,1.0
.,methods,Methods3,3.0,3.0,3.0,3.0,1.0,1.0
.,methods,StaticInitializer,1.0,0.0,2.0,2.0,1.0,1.0
.,methods,StaticInitializer2,1.0,0.0,2.0,2.0,1.0,1.0
.,assignments,Assignments,3.0,0.0,3.0,3.0,0.0,1.0
.,numbers,Numbers,1.0,0.0,2.0,2.0,0.0,1.0
.,nestedblocks,NestedBlocks7,1.0,0.0,2.0,2.0,0.0,1.0
.,nestedblocks,NestedBlocks6,1.0,0.0,2.0,2.0,0.0,1.0
.,nestedblocks,NestedBlocks9,15.0,0.0,6.0,6.0,0.0,1.0
.,nestedblocks,NestedBlocks5,0.0,0.0,1.0,1.0,0.0,0.0
.,nestedblocks,NestedBlocks4,1.0,0.0,2.0,2.0,0.0,1.0
.,nestedblocks,NestedBlocks8,0.0,0.0,2.0,2.0,0.0,-1.0
.,nestedblocks,NestedBlocks3,0.0,0.0,1.0,1.0,0.0,0.0
.,nestedblocks,NestedBlocks,3.0,0.0,3.0,3.0,0.0,1.0
.,nestedblocks,NestedBlocks2,3.0,0.0,3.0,3.0,0.0,1.0
.,trycatch,TryCatch,6.0,0.0,4.0,4.0,0.0,1.0
.,wordcounts,WordCounts,1.0,0.0,2.0,2.0,0.0,1.0
.,wordcounts,WordCounts2,1.0,0.0,2.0,2.0,0.0,1.0
.,wordcounts,WordCounts3,6.0,0.0,4.0,4.0,0.0,1.0
.,wordcounts,X,0.0,0.0,1.0,1.0,0.0,0.0
.,wordcounts,Y,0.0,0.0,1.0,1.0,0.0,0.0
.,org.asynchttpclient.netty.handler.intercept,Unauthorized401Interceptor,5.0,4.0,3.0,1.0,0.7777777777777777,0.0
.,debug,CSVParser,121.0,89.0,5.0,2.0,0.865546218487395,0.1111111111111111
.,org.apache.commons.csv,CSVParser2,269.0,187.0,5.0,4.0,0.8999999999999999,0.14814814814814814
.,org.apache.commons.csv,CSVRecordIterator,5.0,4.0,3.0,2.0,0.6666666666666666,0.5
.,org.apache.commons.csv,CSVFormat,2253.0,1425.0,27.0,10.0,0.8573200992555832,0.12658227848101267
.,org.apache.commons.lang.functor,ExecutorUtils,617.0,604.0,31.0,18.0,0.9761904761904762,0.4444444444444444
.,org.apache.commons.lang.functor,ExceptionExecutor,1.0,0.0,2.0,2.0,0.0,1.0
.,org.apache.commons.lang.functor,NOPExecutor,1.0,0.0,2.0,2.0,0.0,1.0
.,org.apache.commons.lang.functor,TransformerExecutor,0.0,0.0,1.0,1.0,-0.0,0.0
.,org.apache.commons.lang.functor,ChainedExecutor,0.0,0.0,1.0,1.0,-0.0,0.0
.,org.apache.commons.lang.functor,SwitchExecutor,0.0,0.0,1.0,1.0,-0.0,0.0
.,org.apache.commons.lang.functor,ForExecutor,0.0,0.0,1.0,1.0,-0.0,0.0
.,org.apache.commons.lang.functor,WhileExecutor,0.0,0.0,1.0,1.0,-0.0,0.0
.,com.github.ambry.commons,ByteBufferAsyncWritableChannel,60.0,42.0,3.0,3.0,0.8703703703703703,0.23076923076923078
.,com.github.ambry.commons,ChannelEventListener,0.0,0.0,1.0,1.0,0.0,-1.0
.,com.github.ambry.commons,ChunkData,0.0,0.0,1.0,1.0,0.25,0.0
.,org.apache.commons.beanutils2,BeanificationTestCase,740.0,619.0,27.0,27.0,0.9612625538020086,0.40476190476190477
.,org.apache.commons.beanutils2,GetBeanUtilsBeanThread,3.0,3.0,3.0,3.0,1.0,1.0
.,org.apache.commons.beanutils2,GetBeanUtilsBeanThread,2.0,1.0,2.0,2.0,0.5,0.6666666666666666
.,org.apache.commons.beanutils2,CCLLTesterThread,2.0,1.0,2.0,2.0,0.5,0.6666666666666666
.,org.apache.commons.beanutils2,TestIndependenceThread,5.0,4.0,3.0,3.0,0.6666666666666666,0.75
.,org.apache.commons.beanutils2,SetInstanceTesterThread,2.0,1.0,2.0,2.0,0.5,0.6666666666666666
.,org.apache.commons.beanutils2,TestClassLoader,0.0,0.0,1.0,1.0,0.0,0.0
.,org.apache.commons.beanutils2,Signal,60.0,54.0,6.0,6.0,0.9090909090909091,0.5
.,com.hry.spring.grpc.simple,GreeterGrpc,250.0,247.0,21.0,21.0,0.9318181818181818,0.6521739130434783
.,com.hry.spring.grpc.simple,GreeterImplBase,1.0,0.0,2.0,2.0,0.0,1.0
.,com.hry.spring.grpc.simple,GreeterStub,6.0,0.0,4.0,4.0,0.0,1.0
.,com.hry.spring.grpc.simple,GreeterBlockingStub,6.0,0.0,4.0,4.0,0.0,1.0
.,com.hry.spring.grpc.simple,GreeterFutureStub,6.0,0.0,4.0,4.0,0.0,1.0
.,com.hry.spring.grpc.simple,MethodHandlers,0.0,0.0,1.0,1.0,0.25,0.0
.,com.hry.spring.grpc.simple,GreeterDescriptorSupplier,0.0,0.0,1.0,1.0,0.0,0.0
.,net.retakethe.policyauction.data.impl,HectorPolicyManagerImpl,18.0,8.0,4.0,4.0,0.42857142857142855,0.5
.,javax.xml.ws.spi,FactoryFinder,6.0,0.0,4.0,2.0,0.5,0.5
.,com.ning.http.client.providers,NettyAsyncHttpProvider,382.0,203.0,14.0,6.0,0.8966131907308377,0.058823529411764705
.,com.ning.http.client.providers,ConnectListener,0.0,0.0,3.0,3.0,0.6571428571428571,0.0
.,com.ning.http.client.providers,Builder,0.0,0.0,1.0,1.0,-0.0,0.0
.,com.ning.http.client.providers,DiscardEvent,0.0,0.0,0.0,0.0,0.0,-1.0
.,com.ning.http.client.providers,ClosedEvent,0.0,0.0,0.0,0.0,0.0,-1.0
.,javax.xml.stream,XMLOutputFactory,91.0,0.0,14.0,14.0,1.0769230769230769,1.0
.,javax.xml.stream,XMLInputFactory,406.0,0.0,29.0,29.0,1.0357142857142858,1.0
.,com.firefly.net.tcp,AbstractSimpleHandler,3.0,0.0,3.0,3.0,1.3333333333333333,1.0
.,com.hry.spring.grpc.stream,Feature,2370.0,2184.0,51.0,42.0,0.9372599231754162,0.3611111111111111
.,com.hry.spring.grpc.stream,Builder,558.0,486.0,21.0,18.0,0.7619047619047619,0.5
.,com.firefly.codec.http2.model,QuotedQualityCSV,21.0,14.0,3.0,3.0,0.8571428571428571,0.375
.,pcount,B,0.0,0.0,1.0,1.0,0.0,0.0
.,pcount,A,15.0,0.0,6.0,5.0,0.0,0.8333333333333334
.,lcom,SimpleGetterAndSetter,0.0,0.0,1.0,1.0,-0.0,0.0
.,lcom,TripStatusBean,1450.0,1415.0,25.0,25.0,0.9793447293447294,0.45454545454545453
.,lcom,SimpleGetterAndSetter2,4.0,2.0,2.0,2.0,0.6666666666666666,0.5
.,lcom,TermsOfServiceController,0.0,0.0,1.0,1.0,-0.0,0.0
.,math,Math,3.0,0.0,3.0,3.0,0.0,1.0
.,logs,SLF4JExample,0.0,0.0,1.0,1.0,0.0,0.0
.,logs,LogStatements,3.0,0.0,3.0,3.0,0.0,1.0
.,logs,Log4JHelloWorld,0.0,0.0,1.0,1.0,0.0,0.0
.,rfc,GO3,0.0,0.0,1.0,1.0,0.0,0.0
.,rfc,RFC2,1.0,1.0,2.0,2.0,1.0,1.0
.,rfc,RFC3,0.0,0.0,1.0,1.0,0.0,0.0
.,rfc,GO,3.0,0.0,3.0,2.0,0.0,0.6666666666666666
.,rfc,GO2,0.0,0.0,1.0,1.0,0.0,0.0
.,rfc,RFC4,0.0,0.0,0.0,0.0,0.0,-1.0
.,rfc,RFC5,1.0,0.0,2.0,1.0,0.0,0.0
.,rfc,FunctionInterface,0.0,0.0,1.0,1.0,0.0,-1.0
.,variables,Variables,3.0,0.0,3.0,3.0,0.0,1.0
.,variables,OtherClass,0.0,0.0,0.0,0.0,0.0,-1.0
.,fieldusage,FieldUsage,13.0,0.0,3.0,3.0,0.7777777777777778,0.2
.,fieldusage,FieldUsage2,0.0,0.0,2.0,2.0,0.0,-1.0
.,pac,B,0.0,0.0,0.0,0.0,0.0,-1.0
.,wmc,CC3,0.0,0.0,1.0,1.0,0.0,0.0
.,wmc,CC2,0.0,0.0,1.0,1.0,-0.0,0.0
.,wmc,CC9,66.0,0.0,12.0,10.0,0.0,0.8333333333333334
.,wmc,CC8,21.0,0.0,7.0,7.0,0.0,1.0
.,wmc,CC4,1.0,0.0,2.0,2.0,0.0,1.0
.,wmc,MethodInner,0.0,0.0,1.0,1.0,0.0,0.0
.,wmc,CC7,1.0,0.0,2.0,2.0,0.0,1.0
.,wmc,CC6,1.0,0.0,2.0,2.0,0.0,1.0
.,wmc,CC10,1.0,0.0,2.0,2.0,0.0,1.0
.,wmc,CC1,0.0,0.0,1.0,1.0,-0.0,0.0
.,fields,Fields,0.0,0.0,7.0,7.0,0.0,-1.0
.,VisibleMethods,VisibleMethods,51.0,11.0,6.0,6.0,0.8589743589743589,0.35714285714285715
.,VisibleMethods,Complex2,1.0,1.0,2.0,1.0,1.0,0.0
.,comparison,Comparison,6.0,0.0,4.0,4.0,0.0,1.0
.,classtypes,MathOperation,0.0,0.0,1.0,1.0,0.0,-1.0
.,classtypes,A,15.0,0.0,6.0,6.0,0.0,1.0
.,classtypes,B,0.0,0.0,1.0,1.0,0.0,0.0
.,jdt,Jdt1,6.0,0.0,4.0,4.0,0.0,1.0
.,jdt,A,0.0,0.0,0.0,0.0,0.0,-1.0
.,returns,Returns,6.0,0.0,4.0,4.0,0.0,1.0
.,bind,BindingFail1,1.0,0.0,2.0,2.0,0.0,1.0
.,bind,Int1,0.0,0.0,1.0,1.0,0.0,-1.0
.,bind,BindingFail2,1.0,0.0,2.0,2.0,0.0,1.0
.,methods2,A1,10.0,0.0,5.0,5.0,0.0,1.0
.,methods2,A,0.0,0.0,1.0,1.0,0.0,0.0
.,javadoc,JDoc1,10.0,0.0,5.0,5.0,0.0,1.0
.,javadoc,JDoc3,6.0,0.0,4.0,4.0,0.0,1.0
.,javadoc,JDoc2,6.0,0.0,4.0,4.0,0.0,1.0
.,com.satoshilabs.trezor.lib.protobuf,TrezorMessage,2.396535E7,2.2736349E7,5015.0,5015.0,0.9994265328545143,0.3413156782645443
.,com.satoshilabs.trezor.lib.protobuf,InitializeOrBuilder,1.0,0.0,2.0,2.0,0.0,-1.0
.,com.satoshilabs.trezor.lib.protobuf,Initialize,1770.0,1710.0,52.0,42.0,0.9407407407407408,0.39344262295081966
.,com.satoshilabs.trezor.lib.protobuf,Builder,311.0,297.0,21.0,18.0,0.84,0.6923076923076923
.,com.satoshilabs.trezor.lib.protobuf,GetFeaturesOrBuilder,0.0,0.0,0.0,0.0,0.0,-1.0
.,com.satoshilabs.trezor.lib.protobuf,GetFeatures,1485.0,1485.0,55.0,48.0,0.9212962962962963,0.5818181818181818
.,com.satoshilabs.trezor.lib.protobuf,Builder,231.0,0.0,22.0,22.0,0.0,1.0
.,com.satoshilabs.trezor.lib.protobuf,FeaturesOrBuilder,1953.0,0.0,63.0,63.0,0.0,-1.0
.,com.satoshilabs.trezor.lib.protobuf,Features,24094.0,16057.0,81.0,72.0,0.9815846209126842,0.1062992125984252
.,com.satoshilabs.trezor.lib.protobuf,Builder,8084.0,3765.0,24.0,24.0,0.9459696903140786,0.1518987341772152
.,com.satoshilabs.trezor.lib.protobuf,ClearSessionOrBuilder,0.0,0.0,0.0,0.0,0.0,-1.0
.,com.satoshilabs.trezor.lib.protobuf,ClearSession,1485.0,1485.0,55.0,48.0,0.9212962962962963,0.5818181818181818
.,com.satoshilabs.trezor.lib.protobuf,Builder,231.0,0.0,22.0,22.0,0.0,1.0
.,com.satoshilabs.trezor.lib.protobuf,ApplySettingsOrBuilder,66.0,0.0,12.0,12.0,0.0,-1.0
.,com.satoshilabs.trezor.lib.protobuf,ApplySettings,3535.0,2975.0,53.0,46.0,0.9507936507936507,0.26373626373626374
.,com.satoshilabs.trezor.lib.protobuf,Builder,807.0,579.0,20.0,20.0,0.8333333333333334,0.43478260869565216
.,com.satoshilabs.trezor.lib.protobuf,ApplyFlagsOrBuilder,1.0,0.0,2.0,2.0,0.0,-1.0
.,com.satoshilabs.trezor.lib.protobuf,ApplyFlags,1770.0,1710.0,52.0,42.0,0.9407407407407408,0.39344262295081966
.,com.satoshilabs.trezor.lib.protobuf,Builder,311.0,297.0,21.0,21.0,0.84,0.8076923076923077
.,com.satoshilabs.trezor.lib.protobuf,ChangePinOrBuilder,1.0,0.0,2.0,2.0,0.0,-1.0
.,com.satoshilabs.trezor.lib.protobuf,ChangePin,1770.0,1710.0,52.0,42.0,0.9407407407407408,0.39344262295081966
.,com.satoshilabs.trezor.lib.protobuf,Builder,311.0,297.0,21.0,21.0,0.84,0.8076923076923077
.,com.satoshilabs.trezor.lib.protobuf,PingOrBuilder,36.0,0.0,9.0,9.0,0.0,-1.0
.,com.satoshilabs.trezor.lib.protobuf,Ping,2956.0,2591.0,54.0,45.0,0.9492455418381344,0.2926829268292683
.,com.satoshilabs.trezor.lib.protobuf,Builder,635.0,490.0,20.0,20.0,0.8256410256410257,0.5
.,com.satoshilabs.trezor.lib.protobuf,SuccessOrBuilder,3.0,0.0,3.0,3.0,0.0,-1.0
.,com.satoshilabs.trezor.lib.protobuf,Success,1906.0,1796.0,51.0,42.0,0.9329805996472663,0.375
.,com.satoshilabs.trezor.lib.protobuf,Builder,344.0,310.0,20.0,20.0,0.7592592592592593,0.7142857142857143
.,com.satoshilabs.trezor.lib.protobuf,FailureOrBuilder,10.0,0.0,5.0,5.0,0.0,-1.0
.,com.satoshilabs.trezor.lib.protobuf,Failure,2215.0,2015.0,50.0,43.0,0.9371980676328503,0.34285714285714286
.,com.satoshilabs.trezor.lib.protobuf,Builder,434.0,372.0,20.0,20.0,0.7849462365591398,0.625
.,com.satoshilabs.trezor.lib.protobuf,ButtonRequestOrBuilder,10.0,0.0,5.0,5.0,0.0,-1.0
.,com.satoshilabs.trezor.lib.protobuf,ButtonRequest,2215.0,2015.0,50.0,43.0,0.9371980676328503,0.34285714285714286
.,com.satoshilabs.trezor.lib.protobuf,Builder,434.0,372.0,20.0,20.0,0.7849462365591398,0.625
.,com.satoshilabs.trezor.lib.protobuf,ButtonAckOrBuilder,0.0,0.0,0.0,0.0,0.0,-1.0
.,com.satoshilabs.trezor.lib.protobuf,ButtonAck,1485.0,1485.0,55.0,48.0,0.9212962962962963,0.5818181818181818
.,com.satoshilabs.trezor.lib.protobuf,Builder,231.0,0.0,22.0,22.0,0.0,1.0
.,com.satoshilabs.trezor.lib.protobuf,PinMatrixRequestOrBuilder,1.0,0.0,2.0,2.0,0.0,-1.0
.,com.satoshilabs.trezor.lib.protobuf,PinMatrixRequest,1749.0,1668.0,50.0,42.0,0.937037037037037,0.39344262295081966
.,com.satoshilabs.trezor.lib.protobuf,Builder,311.0,297.0,21.0,21.0,0.84,0.8076923076923077
.,com.satoshilabs.trezor.lib.protobuf,PinMatrixAckOrBuilder,3.0,0.0,3.0,3.0,0.0,-1.0
.,com.satoshilabs.trezor.lib.protobuf,PinMatrixAck,1906.0,1796.0,51.0,41.0,0.9329805996472663,0.359375
.,com.satoshilabs.trezor.lib.protobuf,Builder,344.0,310.0,20.0,20.0,0.7592592592592593,0.7142857142857143
.,com.satoshilabs.trezor.lib.protobuf,CancelOrBuilder,0.0,0.0,0.0,0.0,0.0,-1.0
.,com.satoshilabs.trezor.lib.protobuf,Cancel,1485.0,1485.0,55.0,48.0,0.9212962962962963,0.5818181818181818
.,com.satoshilabs.trezor.lib.protobuf,Builder,231.0,0.0,22.0,22.0,0.0,1.0
.,com.satoshilabs.trezor.lib.protobuf,PassphraseRequestOrBuilder,1.0,0.0,2.0,2.0,0.0,-1.0
.,com.satoshilabs.trezor.lib.protobuf,PassphraseRequest,1770.0,1710.0,52.0,42.0,0.9407407407407408,0.39344262295081966
.,com.satoshilabs.trezor.lib.protobuf,Builder,311.0,297.0,21.0,21.0,0.84,0.8076923076923077
.,com.satoshilabs.trezor.lib.protobuf,PassphraseAckOrBuilder,10.0,0.0,5.0,5.0,0.0,-1.0
.,com.satoshilabs.trezor.lib.protobuf,PassphraseAck,2236.0,2057.0,52.0,43.0,0.9396135265700483,0.34285714285714286
.,com.satoshilabs.trezor.lib.protobuf,Builder,434.0,372.0,20.0,20.0,0.7849462365591398,0.625
.,com.satoshilabs.trezor.lib.protobuf,PassphraseStateRequestOrBuilder,1.0,0.0,2.0,2.0,0.0,-1.0
.,com.satoshilabs.trezor.lib.protobuf,PassphraseStateRequest,1770.0,1710.0,52.0,42.0,0.9407407407407408,0.39344262295081966
.,com.satoshilabs.trezor.lib.protobuf,Builder,311.0,297.0,21.0,21.0,0.84,0.8076923076923077
.,com.satoshilabs.trezor.lib.protobuf,PassphraseStateAckOrBuilder,0.0,0.0,0.0,0.0,0.0,-1.0
.,com.satoshilabs.trezor.lib.protobuf,PassphraseStateAck,1485.0,1485.0,55.0,48.0,0.9212962962962963,0.5818181818181818
.,com.satoshilabs.trezor.lib.protobuf,Builder,231.0,0.0,22.0,22.0,0.0,1.0
.,com.satoshilabs.trezor.lib.protobuf,GetEntropyOrBuilder,1.0,0.0,2.0,2.0,0.0,-1.0
.,com.satoshilabs.trezor.lib.protobuf,GetEntropy,1770.0,1710.0,52.0,41.0,0.9407407407407408,0.3770491803278688
.,com.satoshilabs.trezor.lib.protobuf,Builder,311.0,297.0,21.0,21.0,0.84,0.8076923076923077
.,com.satoshilabs.trezor.lib.protobuf,EntropyOrBuilder,1.0,0.0,2.0,2.0,0.0,-1.0
.,com.satoshilabs.trezor.lib.protobuf,Entropy,1770.0,1710.0,52.0,41.0,0.9407407407407408,0.3770491803278688
.,com.satoshilabs.trezor.lib.protobuf,Builder,311.0,297.0,21.0,21.0,0.84,0.8076923076923077
.,com.satoshilabs.trezor.lib.protobuf,GetPublicKeyOrBuilder,55.0,0.0,11.0,11.0,0.0,-1.0
.,com.satoshilabs.trezor.lib.protobuf,GetPublicKey,3532.0,3059.0,54.0,45.0,0.9469413233458177,0.26666666666666666
.,com.satoshilabs.trezor.lib.protobuf,Builder,840.0,645.0,20.0,20.0,0.8088888888888889,0.43478260869565216
.,com.satoshilabs.trezor.lib.protobuf,PublicKeyOrBuilder,15.0,0.0,6.0,6.0,0.0,-1.0
.,com.satoshilabs.trezor.lib.protobuf,PublicKey,2597.0,2344.0,52.0,42.0,0.9343589743589744,0.2894736842105263
.,com.satoshilabs.trezor.lib.protobuf,Builder,554.0,442.0,20.0,20.0,0.7569444444444444,0.5405405405405406
.,com.satoshilabs.trezor.lib.protobuf,GetAddressOrBuilder,78.0,0.0,13.0,13.0,0.0,-1.0
.,com.satoshilabs.trezor.lib.protobuf,GetAddress,4195.0,3539.0,53.0,45.0,0.9499072356215214,0.2222222222222222
.,com.satoshilabs.trezor.lib.protobuf,Builder,1081.0,784.0,20.0,20.0,0.8324175824175823,0.37735849056603776
.,com.satoshilabs.trezor.lib.protobuf,EthereumGetAddressOrBuilder,10.0,0.0,5.0,5.0,0.0,-1.0
.,com.satoshilabs.trezor.lib.protobuf,EthereumGetAddress,2346.0,2136.0,52.0,43.0,0.9401408450704225,0.3333333333333333
.,com.satoshilabs.trezor.lib.protobuf,Builder,484.0,407.0,20.0,20.0,0.7878787878787878,0.5882352941176471
.,com.satoshilabs.trezor.lib.protobuf,AddressOrBuilder,3.0,0.0,3.0,3.0,0.0,-1.0
.,com.satoshilabs.trezor.lib.protobuf,Address,1906.0,1796.0,51.0,41.0,0.9329805996472663,0.359375
.,com.satoshilabs.trezor.lib.protobuf,Builder,344.0,310.0,20.0,20.0,0.7592592592592593,0.7142857142857143
.,com.satoshilabs.trezor.lib.protobuf,EthereumAddressOrBuilder,1.0,0.0,2.0,2.0,0.0,-1.0
.,com.satoshilabs.trezor.lib.protobuf,EthereumAddress,1770.0,1710.0,52.0,41.0,0.9407407407407408,0.3770491803278688
.,com.satoshilabs.trezor.lib.protobuf,Builder,311.0,297.0,21.0,21.0,0.84,0.8076923076923077
.,com.satoshilabs.trezor.lib.protobuf,WipeDeviceOrBuilder,0.0,0.0,0.0,0.0,0.0,-1.0
.,com.satoshilabs.trezor.lib.protobuf,WipeDevice,1485.0,1485.0,55.0,48.0,0.9212962962962963,0.5818181818181818
.,com.satoshilabs.trezor.lib.protobuf,Builder,231.0,0.0,22.0,22.0,0.0,1.0
.,com.satoshilabs.trezor.lib.protobuf,LoadDeviceOrBuilder,210.0,0.0,21.0,21.0,0.0,-1.0
.,com.satoshilabs.trezor.lib.protobuf,LoadDevice,5966.0,4672.0,58.0,48.0,0.9594086021505376,0.18181818181818182
.,com.satoshilabs.trezor.lib.protobuf,Builder,1565.0,919.0,20.0,20.0,0.8651515151515152,0.29850746268656714
.,com.satoshilabs.trezor.lib.protobuf,ResetDeviceOrBuilder,153.0,0.0,18.0,18.0,0.0,-1.0
.,com.satoshilabs.trezor.lib.protobuf,ResetDevice,4888.0,3890.0,58.0,49.0,0.9608024691358025,0.22018348623853212
.,com.satoshilabs.trezor.lib.protobuf,Builder,1197.0,741.0,20.0,20.0,0.8713450292397661,0.3448275862068966
.,com.satoshilabs.trezor.lib.protobuf,BackupDeviceOrBuilder,0.0,0.0,0.0,0.0,0.0,-1.0
.,com.satoshilabs.trezor.lib.protobuf,BackupDevice,1485.0,1485.0,55.0,48.0,0.9212962962962963,0.5818181818181818
.,com.satoshilabs.trezor.lib.protobuf,Builder,231.0,0.0,22.0,22.0,0.0,1.0
.,com.satoshilabs.trezor.lib.protobuf,EntropyRequestOrBuilder,0.0,0.0,0.0,0.0,0.0,-1.0
.,com.satoshilabs.trezor.lib.protobuf,EntropyRequest,1485.0,1485.0,55.0,48.0,0.9212962962962963,0.5818181818181818
.,com.satoshilabs.trezor.lib.protobuf,Builder,231.0,0.0,22.0,22.0,0.0,1.0
.,com.satoshilabs.trezor.lib.protobuf,EntropyAckOrBuilder,1.0,0.0,2.0,2.0,0.0,-1.0
.,com.satoshilabs.trezor.lib.protobuf,EntropyAck,1770.0,1710.0,52.0,42.0,0.9407407407407408,0.39344262295081966
.,com.satoshilabs.trezor.lib.protobuf,Builder,311.0,297.0,21.0,21.0,0.84,0.8076923076923077
.,com.satoshilabs.trezor.lib.protobuf,RecoveryDeviceOrBuilder,190.0,0.0,20.0,20.0,0.0,-1.0
.,com.satoshilabs.trezor.lib.protobuf,RecoveryDevice,5372.0,4189.0,59.0,50.0,0.9630515683147262,0.20869565217391303
.,com.satoshilabs.trezor.lib.protobuf,Builder,1341.0,791.0,20.0,20.0,0.8803278688524591,0.3225806451612903
.,com.satoshilabs.trezor.lib.protobuf,WordRequestOrBuilder,1.0,0.0,2.0,2.0,0.0,-1.0
.,com.satoshilabs.trezor.lib.protobuf,WordRequest,1749.0,1668.0,50.0,42.0,0.937037037037037,0.39344262295081966
.,com.satoshilabs.trezor.lib.protobuf,Builder,311.0,297.0,21.0,21.0,0.84,0.8076923076923077
.,com.satoshilabs.trezor.lib.protobuf,WordAckOrBuilder,3.0,0.0,3.0,3.0,0.0,-1.0
.,com.satoshilabs.trezor.lib.protobuf,WordAck,1906.0,1796.0,51.0,41.0,0.9329805996472663,0.359375
.,com.satoshilabs.trezor.lib.protobuf,Builder,344.0,310.0,20.0,20.0,0.7592592592592593,0.7142857142857143
.,com.satoshilabs.trezor.lib.protobuf,SignMessageOrBuilder,45.0,0.0,10.0,10.0,0.0,-1.0
.,com.satoshilabs.trezor.lib.protobuf,SignMessage,3298.0,2855.0,52.0,44.0,0.9470284237726098,0.26436781609195403
.,com.satoshilabs.trezor.lib.protobuf,Builder,775.0,604.0,20.0,20.0,0.8186046511627908,0.45454545454545453
.,com.satoshilabs.trezor.lib.protobuf,VerifyMessageOrBuilder,45.0,0.0,10.0,10.0,0.0,-1.0
.,com.satoshilabs.trezor.lib.protobuf,VerifyMessage,3152.0,2734.0,54.0,45.0,0.9477513227513228,0.2823529411764706
.,com.satoshilabs.trezor.lib.protobuf,Builder,691.0,521.0,20.0,20.0,0.8146341463414634,0.47619047619047616
.,com.satoshilabs.trezor.lib.protobuf,MessageSignatureOrBuilder,10.0,0.0,5.0,5.0,0.0,-1.0
.,com.satoshilabs.trezor.lib.protobuf,MessageSignature,2236.0,2057.0,52.0,43.0,0.9396135265700483,0.34285714285714286
.,com.satoshilabs.trezor.lib.protobuf,Builder,434.0,372.0,20.0,20.0,0.7849462365591398,0.625
.,com.satoshilabs.trezor.lib.protobuf,EncryptMessageOrBuilder,66.0,0.0,12.0,12.0,0.0,-1.0
.,com.satoshilabs.trezor.lib.protobuf,EncryptMessage,3747.0,3216.0,55.0,46.0,0.9523809523809524,0.25806451612903225
.,com.satoshilabs.trezor.lib.protobuf,Builder,905.0,682.0,20.0,20.0,0.8368794326241136,0.4166666666666667
.,com.satoshilabs.trezor.lib.protobuf,EncryptedMessageOrBuilder,15.0,0.0,6.0,6.0,0.0,-1.0
.,com.satoshilabs.trezor.lib.protobuf,EncryptedMessage,2430.0,2232.0,54.0,44.0,0.9481481481481482,0.3287671232876712
.,com.satoshilabs.trezor.lib.protobuf,Builder,494.0,427.0,21.0,21.0,0.8333333333333334,0.6176470588235294
.,com.satoshilabs.trezor.lib.protobuf,DecryptMessageOrBuilder,36.0,0.0,9.0,9.0,0.0,-1.0
.,com.satoshilabs.trezor.lib.protobuf,DecryptMessage,3114.0,2742.0,54.0,45.0,0.9497991967871485,0.2857142857142857
.,com.satoshilabs.trezor.lib.protobuf,Builder,713.0,565.0,20.0,20.0,0.8292682926829268,0.47619047619047616
.,com.satoshilabs.trezor.lib.protobuf,DecryptedMessageOrBuilder,10.0,0.0,5.0,5.0,0.0,-1.0
.,com.satoshilabs.trezor.lib.protobuf,DecryptedMessage,2236.0,2057.0,52.0,43.0,0.9396135265700483,0.34285714285714286
.,com.satoshilabs.trezor.lib.protobuf,Builder,434.0,372.0,20.0,20.0,0.7849462365591398,0.625
.,com.satoshilabs.trezor.lib.protobuf,CipherKeyValueOrBuilder,120.0,0.0,16.0,16.0,0.0,-1.0
.,com.satoshilabs.trezor.lib.protobuf,CipherKeyValue,4663.0,3866.0,57.0,48.0,0.9586894586894588,0.22857142857142856
.,com.satoshilabs.trezor.lib.protobuf,Builder,1186.0,832.0,20.0,20.0,0.8636363636363636,0.35714285714285715
.,com.satoshilabs.trezor.lib.protobuf,CipheredKeyValueOrBuilder,1.0,0.0,2.0,2.0,0.0,-1.0
.,com.satoshilabs.trezor.lib.protobuf,CipheredKeyValue,1770.0,1710.0,52.0,42.0,0.9407407407407408,0.39344262295081966
.,com.satoshilabs.trezor.lib.protobuf,Builder,311.0,297.0,21.0,21.0,0.84,0.8076923076923077
.,com.satoshilabs.trezor.lib.protobuf,EstimateTxSizeOrBuilder,21.0,0.0,7.0,7.0,0.0,-1.0
.,com.satoshilabs.trezor.lib.protobuf,EstimateTxSize,2586.0,2322.0,53.0,43.0,0.9448888888888888,0.3026315789473684
.,com.satoshilabs.trezor.lib.protobuf,Builder,531.0,432.0,20.0,20.0,0.8071428571428572,0.5555555555555556
.,com.satoshilabs.trezor.lib.protobuf,TxSizeOrBuilder,1.0,0.0,2.0,2.0,0.0,-1.0
.,com.satoshilabs.trezor.lib.protobuf,TxSize,1770.0,1710.0,52.0,42.0,0.9407407407407408,0.39344262295081966
.,com.satoshilabs.trezor.lib.protobuf,Builder,311.0,297.0,21.0,21.0,0.84,0.8076923076923077
.,com.satoshilabs.trezor.lib.protobuf,SignTxOrBuilder,78.0,0.0,13.0,13.0,0.0,-1.0
.,com.satoshilabs.trezor.lib.protobuf,SignTx,3756.0,3141.0,56.0,46.0,0.9560931899641577,0.24468085106382978
.,com.satoshilabs.trezor.lib.protobuf,Builder,864.0,600.0,20.0,20.0,0.8541033434650457,0.4166666666666667
.,com.satoshilabs.trezor.lib.protobuf,SimpleSignTxOrBuilder,231.0,0.0,22.0,22.0,0.0,-1.0
.,com.satoshilabs.trezor.lib.protobuf,SimpleSignTx,9846.0,8367.0,68.0,58.0,0.9503703703703703,0.2251655629139073
.,com.satoshilabs.trezor.lib.protobuf,Builder,3840.0,3120.0,32.0,32.0,0.8515789473684211,0.3333333333333333
.,com.satoshilabs.trezor.lib.protobuf,TxRequestOrBuilder,28.0,0.0,8.0,8.0,0.0,-1.0
.,com.satoshilabs.trezor.lib.protobuf,TxRequest,3182.0,2794.0,52.0,44.0,0.9404761904761905,0.27058823529411763
.,com.satoshilabs.trezor.lib.protobuf,Builder,764.0,582.0,21.0,21.0,0.7984496124031009,0.4772727272727273
.,com.satoshilabs.trezor.lib.protobuf,TxAckOrBuilder,3.0,0.0,3.0,3.0,0.0,-1.0
.,com.satoshilabs.trezor.lib.protobuf,TxAck,2100.0,1989.0,53.0,42.0,0.9303030303030303,0.34328358208955223
.,com.satoshilabs.trezor.lib.protobuf,Builder,416.0,367.0,21.0,21.0,0.7444444444444446,0.6774193548387096
.,com.satoshilabs.trezor.lib.protobuf,EthereumSignTxOrBuilder,210.0,0.0,21.0,21.0,0.0,-1.0
.,com.satoshilabs.trezor.lib.protobuf,EthereumSignTx,5898.0,4656.0,60.0,51.0,0.9656862745098039,0.2
.,com.satoshilabs.trezor.lib.protobuf,Builder,1568.0,991.0,20.0,20.0,0.8923076923076924,0.30303030303030304
.,com.satoshilabs.trezor.lib.protobuf,EthereumTxRequestOrBuilder,28.0,0.0,8.0,8.0,0.0,-1.0
.,com.satoshilabs.trezor.lib.protobuf,EthereumTxRequest,2790.0,2499.0,55.0,45.0,0.9515669515669517,0.3037974683544304
.,com.satoshilabs.trezor.lib.protobuf,Builder,596.0,489.0,21.0,21.0,0.8432432432432432,0.5526315789473685
.,com.satoshilabs.trezor.lib.protobuf,EthereumTxAckOrBuilder,1.0,0.0,2.0,2.0,0.0,-1.0
.,com.satoshilabs.trezor.lib.protobuf,EthereumTxAck,1770.0,1710.0,52.0,42.0,0.9407407407407408,0.39344262295081966
.,com.satoshilabs.trezor.lib.protobuf,Builder,311.0,297.0,21.0,21.0,0.84,0.8076923076923077
.,com.satoshilabs.trezor.lib.protobuf,EthereumSignMessageOrBuilder,10.0,0.0,5.0,5.0,0.0,-1.0
.,com.satoshilabs.trezor.lib.protobuf,EthereumSignMessage,2346.0,2136.0,52.0,42.0,0.9401408450704225,0.3194444444444444
.,com.satoshilabs.trezor.lib.protobuf,Builder,484.0,407.0,20.0,20.0,0.7878787878787878,0.5882352941176471
.,com.satoshilabs.trezor.lib.protobuf,EthereumVerifyMessageOrBuilder,15.0,0.0,6.0,6.0,0.0,-1.0
.,com.satoshilabs.trezor.lib.protobuf,EthereumVerifyMessage,2430.0,2232.0,54.0,44.0,0.9481481481481482,0.3287671232876712
.,com.satoshilabs.trezor.lib.protobuf,Builder,494.0,427.0,21.0,21.0,0.8333333333333334,0.6176470588235294
.,com.satoshilabs.trezor.lib.protobuf,EthereumMessageSignatureOrBuilder,6.0,0.0,4.0,4.0,0.0,-1.0
.,com.satoshilabs.trezor.lib.protobuf,EthereumMessageSignature,2090.0,1969.0,53.0,43.0,0.9444444444444445,0.3582089552238806
.,com.satoshilabs.trezor.lib.protobuf,Builder,399.0,363.0,21.0,21.0,0.8275862068965517,0.7
.,com.satoshilabs.trezor.lib.protobuf,SignIdentityOrBuilder,55.0,0.0,11.0,11.0,0.0,-1.0
.,com.satoshilabs.trezor.lib.protobuf,SignIdentity,3576.0,3057.0,54.0,45.0,0.9456140350877194,0.25274725274725274
.,com.satoshilabs.trezor.lib.protobuf,Builder,840.0,599.0,20.0,20.0,0.8079710144927535,0.425531914893617
.,com.satoshilabs.trezor.lib.protobuf,SignedIdentityOrBuilder,21.0,0.0,7.0,7.0,0.0,-1.0
.,com.satoshilabs.trezor.lib.protobuf,SignedIdentity,2586.0,2322.0,53.0,44.0,0.9448888888888888,0.3157894736842105
.,com.satoshilabs.trezor.lib.protobuf,Builder,531.0,432.0,20.0,20.0,0.8071428571428572,0.5555555555555556
.,com.satoshilabs.trezor.lib.protobuf,GetECDHSessionKeyOrBuilder,28.0,0.0,8.0,8.0,0.0,-1.0
.,com.satoshilabs.trezor.lib.protobuf,GetECDHSessionKey,2971.0,2621.0,53.0,44.0,0.941358024691358,0.2804878048780488
.,com.satoshilabs.trezor.lib.protobuf,Builder,662.0,504.0,20.0,20.0,0.79,0.4878048780487805
.,com.satoshilabs.trezor.lib.protobuf,ECDHSessionKeyOrBuilder,1.0,0.0,2.0,2.0,0.0,-1.0
.,com.satoshilabs.trezor.lib.protobuf,ECDHSessionKey,1770.0,1710.0,52.0,42.0,0.9407407407407408,0.39344262295081966
.,com.satoshilabs.trezor.lib.protobuf,Builder,311.0,297.0,21.0,21.0,0.84,0.8076923076923077
.,com.satoshilabs.trezor.lib.protobuf,SetU2FCounterOrBuilder,1.0,0.0,2.0,2.0,0.0,-1.0
.,com.satoshilabs.trezor.lib.protobuf,SetU2FCounter,1770.0,1710.0,52.0,42.0,0.9407407407407408,0.39344262295081966
.,com.satoshilabs.trezor.lib.protobuf,Builder,311.0,297.0,21.0,21.0,0.84,0.8076923076923077
.,com.satoshilabs.trezor.lib.protobuf,FirmwareEraseOrBuilder,1.0,0.0,2.0,2.0,0.0,-1.0
.,com.satoshilabs.trezor.lib.protobuf,FirmwareErase,1770.0,1710.0,52.0,42.0,0.9407407407407408,0.39344262295081966
.,com.satoshilabs.trezor.lib.protobuf,Builder,311.0,297.0,21.0,21.0,0.84,0.8076923076923077
.,com.satoshilabs.trezor.lib.protobuf,FirmwareRequestOrBuilder,6.0,0.0,4.0,4.0,0.0,-1.0
.,com.satoshilabs.trezor.lib.protobuf,FirmwareRequest,2090.0,1969.0,53.0,43.0,0.9444444444444445,0.3582089552238806
.,com.satoshilabs.trezor.lib.protobuf,Builder,399.0,363.0,21.0,21.0,0.8275862068965517,0.7
.,com.satoshilabs.trezor.lib.protobuf,FirmwareUploadOrBuilder,6.0,0.0,4.0,4.0,0.0,-1.0
.,com.satoshilabs.trezor.lib.protobuf,FirmwareUpload,2090.0,1969.0,53.0,42.0,0.9444444444444445,0.34328358208955223
.,com.satoshilabs.trezor.lib.protobuf,Builder,399.0,363.0,21.0,21.0,0.8275862068965517,0.7
.,com.satoshilabs.trezor.lib.protobuf,SelfTestOrBuilder,1.0,0.0,2.0,2.0,0.0,-1.0
.,com.satoshilabs.trezor.lib.protobuf,SelfTest,1770.0,1710.0,52.0,42.0,0.9407407407407408,0.39344262295081966
.,com.satoshilabs.trezor.lib.protobuf,Builder,311.0,297.0,21.0,21.0,0.84,0.8076923076923077
.,com.satoshilabs.trezor.lib.protobuf,NEMGetAddressOrBuilder,21.0,0.0,7.0,7.0,0.0,-1.0
.,com.satoshilabs.trezor.lib.protobuf,NEMGetAddress,2720.0,2437.0,53.0,44.0,0.9454545454545454,0.3076923076923077
.,com.satoshilabs.trezor.lib.protobuf,Builder,595.0,487.0,20.0,20.0,0.8108108108108109,0.5263157894736842
.,com.satoshilabs.trezor.lib.protobuf,NEMAddressOrBuilder,3.0,0.0,3.0,3.0,0.0,-1.0
.,com.satoshilabs.trezor.lib.protobuf,NEMAddress,1906.0,1796.0,51.0,41.0,0.9329805996472663,0.359375
.,com.satoshilabs.trezor.lib.protobuf,Builder,344.0,310.0,20.0,20.0,0.7592592592592593,0.7142857142857143
.,com.satoshilabs.trezor.lib.protobuf,NEMSignTxOrBuilder,325.0,0.0,26.0,26.0,0.0,-1.0
.,com.satoshilabs.trezor.lib.protobuf,NEMSignTx,9782.0,7318.0,60.0,50.0,0.9635709818636647,0.1464968152866242
.,com.satoshilabs.trezor.lib.protobuf,Builder,3203.0,1653.0,21.0,21.0,0.8946162657502863,0.21428571428571427
.,com.satoshilabs.trezor.lib.protobuf,NEMSignedTxOrBuilder,6.0,0.0,4.0,4.0,0.0,-1.0
.,com.satoshilabs.trezor.lib.protobuf,NEMSignedTx,2090.0,1969.0,53.0,43.0,0.9444444444444445,0.3582089552238806
.,com.satoshilabs.trezor.lib.protobuf,Builder,399.0,363.0,21.0,21.0,0.8275862068965517,0.7
.,com.satoshilabs.trezor.lib.protobuf,NEMDecryptMessageOrBuilder,36.0,0.0,9.0,9.0,0.0,-1.0
.,com.satoshilabs.trezor.lib.protobuf,NEMDecryptMessage,3114.0,2742.0,54.0,45.0,0.9497991967871485,0.2857142857142857
.,com.satoshilabs.trezor.lib.protobuf,Builder,713.0,565.0,20.0,20.0,0.8292682926829268,0.47619047619047616
.,com.satoshilabs.trezor.lib.protobuf,NEMDecryptedMessageOrBuilder,1.0,0.0,2.0,2.0,0.0,-1.0
.,com.satoshilabs.trezor.lib.protobuf,NEMDecryptedMessage,1770.0,1710.0,52.0,42.0,0.9407407407407408,0.39344262295081966
.,com.satoshilabs.trezor.lib.protobuf,Builder,311.0,297.0,21.0,21.0,0.84,0.8076923076923077
.,com.satoshilabs.trezor.lib.protobuf,CosiCommitOrBuilder,10.0,0.0,5.0,5.0,0.0,-1.0
.,com.satoshilabs.trezor.lib.protobuf,CosiCommit,2346.0,2136.0,52.0,43.0,0.9401408450704225,0.3333333333333333
.,com.satoshilabs.trezor.lib.protobuf,Builder,484.0,407.0,20.0,20.0,0.7878787878787878,0.5882352941176471
.,com.satoshilabs.trezor.lib.protobuf,CosiCommitmentOrBuilder,6.0,0.0,4.0,4.0,0.0,-1.0
.,com.satoshilabs.trezor.lib.protobuf,CosiCommitment,2090.0,1969.0,53.0,43.0,0.9444444444444445,0.3582089552238806
.,com.satoshilabs.trezor.lib.protobuf,Builder,399.0,363.0,21.0,21.0,0.8275862068965517,0.7
.,com.satoshilabs.trezor.lib.protobuf,CosiSignOrBuilder,36.0,0.0,9.0,9.0,0.0,-1.0
.,com.satoshilabs.trezor.lib.protobuf,CosiSign,3114.0,2742.0,54.0,45.0,0.9497991967871485,0.2857142857142857
.,com.satoshilabs.trezor.lib.protobuf,Builder,713.0,565.0,20.0,20.0,0.8292682926829268,0.47619047619047616
.,com.satoshilabs.trezor.lib.protobuf,CosiSignatureOrBuilder,1.0,0.0,2.0,2.0,0.0,-1.0
.,com.satoshilabs.trezor.lib.protobuf,CosiSignature,1770.0,1710.0,52.0,42.0,0.9407407407407408,0.39344262295081966
.,com.satoshilabs.trezor.lib.protobuf,Builder,311.0,297.0,21.0,21.0,0.84,0.8076923076923077
.,com.satoshilabs.trezor.lib.protobuf,DebugLinkDecisionOrBuilder,21.0,0.0,7.0,7.0,0.0,-1.0
.,com.satoshilabs.trezor.lib.protobuf,DebugLinkDecision,2586.0,2322.0,53.0,44.0,0.9448888888888888,0.3157894736842105
.,com.satoshilabs.trezor.lib.protobuf,Builder,531.0,432.0,20.0,20.0,0.8071428571428572,0.5555555555555556
.,com.satoshilabs.trezor.lib.protobuf,DebugLinkGetStateOrBuilder,0.0,0.0,0.0,0.0,0.0,-1.0
.,com.satoshilabs.trezor.lib.protobuf,DebugLinkGetState,1485.0,1485.0,55.0,48.0,0.9212962962962963,0.5818181818181818
.,com.satoshilabs.trezor.lib.protobuf,Builder,231.0,0.0,22.0,22.0,0.0,1.0
.,com.satoshilabs.trezor.lib.protobuf,DebugLinkStateOrBuilder,378.0,0.0,28.0,28.0,0.0,-1.0
.,com.satoshilabs.trezor.lib.protobuf,DebugLinkState,7967.0,5923.0,61.0,51.0,0.9659574468085106,0.15492957746478872
.,com.satoshilabs.trezor.lib.protobuf,Builder,2188.0,1136.0,20.0,20.0,0.8903846153846153,0.24691358024691357
.,com.satoshilabs.trezor.lib.protobuf,DebugLinkStopOrBuilder,0.0,0.0,0.0,0.0,0.0,-1.0
.,com.satoshilabs.trezor.lib.protobuf,DebugLinkStop,1485.0,1485.0,55.0,48.0,0.9212962962962963,0.5818181818181818
.,com.satoshilabs.trezor.lib.protobuf,Builder,231.0,0.0,22.0,22.0,0.0,1.0
.,com.satoshilabs.trezor.lib.protobuf,DebugLinkLogOrBuilder,28.0,0.0,8.0,8.0,0.0,-1.0
.,com.satoshilabs.trezor.lib.protobuf,DebugLinkLog,2768.0,2455.0,53.0,44.0,0.9427350427350427,0.3037974683544304
.,com.satoshilabs.trezor.lib.protobuf,Builder,582.0,461.0,20.0,20.0,0.7905405405405406,0.5263157894736842
.,com.satoshilabs.trezor.lib.protobuf,DebugLinkMemoryReadOrBuilder,6.0,0.0,4.0,4.0,0.0,-1.0
.,com.satoshilabs.trezor.lib.protobuf,DebugLinkMemoryRead,2090.0,1969.0,53.0,43.0,0.9444444444444445,0.3582089552238806
.,com.satoshilabs.trezor.lib.protobuf,Builder,399.0,363.0,21.0,21.0,0.8275862068965517,0.7
.,com.satoshilabs.trezor.lib.protobuf,DebugLinkMemoryOrBuilder,1.0,0.0,2.0,2.0,0.0,-1.0
.,com.satoshilabs.trezor.lib.protobuf,DebugLinkMemory,1770.0,1710.0,52.0,42.0,0.9407407407407408,0.39344262295081966
.,com.satoshilabs.trezor.lib.protobuf,Builder,311.0,297.0,21.0,21.0,0.84,0.8076923076923077
.,com.satoshilabs.trezor.lib.protobuf,DebugLinkMemoryWriteOrBuilder,15.0,0.0,6.0,6.0,0.0,-1.0
.,com.satoshilabs.trezor.lib.protobuf,DebugLinkMemoryWrite,2430.0,2232.0,54.0,44.0,0.9481481481481482,0.3287671232876712
.,com.satoshilabs.trezor.lib.protobuf,Builder,494.0,427.0,21.0,21.0,0.8333333333333334,0.6176470588235294
.,com.satoshilabs.trezor.lib.protobuf,DebugLinkFlashEraseOrBuilder,1.0,0.0,2.0,2.0,0.0,-1.0
.,com.satoshilabs.trezor.lib.protobuf,DebugLinkFlashErase,1770.0,1710.0,52.0,42.0,0.9407407407407408,0.39344262295081966
.,com.satoshilabs.trezor.lib.protobuf,Builder,311.0,297.0,21.0,21.0,0.84,0.8076923076923077
.,ClassCohesion,NoCohesion,6.0,0.0,4.0,4.0,0.3333333333333333,0.5
.,ClassCohesion,HighCohesion,0.0,0.0,1.0,1.0,-0.0,0.0
.,ClassCohesion,Simple1,19.0,17.0,5.0,5.0,0.8888888888888888,0.7142857142857143
.,ClassCohesion,Complex2,1.0,1.0,2.0,1.0,1.0,0.0
.,ClassCohesion,NoVisibleMethods,0.0,0.0,1.0,1.0,-0.0,0.0
.,ClassCohesion,Simple2,6.0,2.0,2.0,1.0,0.625,0.0
.,ClassCohesion,MediumCohesion,3.0,0.0,2.0,1.0,0.3333333333333333,0.0
.,enumd,Other,6.0,0.0,4.0,4.0,0.0,1.0
.,enumd,Other2,6.0,0.0,4.0,4.0,0.0,1.0
.,loop,Loop2,10.0,0.0,5.0,5.0,0.0,1.0
.,loop,Loop,10.0,0.0,5.0,5.0,0.0,1.0
.,nosi,Class1,0.0,0.0,1.0,1.0,0.0,0.0
.,nosi,Class3,1.0,0.0,2.0,1.0,0.0,0.0
.,nosi,Class2,0.0,0.0,1.0,1.0,0.0,0.0
.,parenthesis,NumberOfParenthesis,0.0,0.0,3.0,3.0,0.0,0.0
.,com.github.mauricioaniche.ck,BaseTest,36.0,36.0,9.0,8.0,1.0,0.8888888888888888
.,com.github.mauricioaniche.ck,NumberOfParenthesisTest,1.0,0.0,2.0,2.0,0.0,0.0
.,com.github.mauricioaniche.ck,MethodsDetailsTest,15.0,0.0,6.0,6.0,0.0,0.0
.,com.github.mauricioaniche.ck,EnumTest,6.0,0.0,4.0,4.0,0.0,0.0
.,com.github.mauricioaniche.ck,NumberOfAssignmentsTest,0.0,0.0,1.0,1.0,-0.0,0.0
.,com.github.mauricioaniche.ck,IndividualFilesWithContextTest,5.0,0.0,3.0,3.0,0.52,0.3333333333333333
.,com.github.mauricioaniche.ck,TightClassCohesionTest,28.0,0.0,8.0,8.0,0.0,0.25
.,com.github.mauricioaniche.ck,NumberOfMaxNestedBlocksTest,55.0,0.0,11.0,11.0,0.0,0.0
.,com.github.mauricioaniche.ck,LocalFieldsAccessedTest,36.0,0.0,9.0,9.0,0.0,0.0
.,com.github.mauricioaniche.ck,JavadocLinesTest,3.0,0.0,3.0,3.0,0.0,0.6666666666666666
.,com.github.mauricioaniche.ck,NumberOfReturnsTest,1.0,0.0,2.0,2.0,0.0,0.0
.,com.github.mauricioaniche.ck,MethodsTest,78.0,0.0,13.0,13.0,0.0,0.0
.,com.github.mauricioaniche.ck,WMCTest,28.0,0.0,8.0,8.0,0.0,0.0
.,com.github.mauricioaniche.ck,RFCTest,28.0,0.0,8.0,8.0,0.0,0.0
.,com.github.mauricioaniche.ck,NumberOfMathOperationsTest,1.0,0.0,2.0,2.0,0.0,0.0
.,com.github.mauricioaniche.ck,ClassTypeTest,1.0,0.0,2.0,2.0,-0.0,0.0
.,com.github.mauricioaniche.ck,NumberOfInnerClassesLambdasAndAnonymousClassesTest,3.0,0.0,3.0,3.0,0.0,0.0
.,com.github.mauricioaniche.ck,ASTDebugger,4186.0,0.0,92.0,92.0,0.0,1.0
.,com.github.mauricioaniche.ck,WordCountsTest,9.0,3.0,2.0,2.0,0.6666666666666667,0.0
.,com.github.mauricioaniche.ck,ParametersTest,1.0,0.0,2.0,2.0,0.0,0.0
.,com.github.mauricioaniche.ck,DITTest,0.0,0.0,1.0,1.0,-0.0,0.0
.,com.github.mauricioaniche.ck,Java11SupportTest,1.0,0.0,2.0,2.0,0.0,0.0
.,com.github.mauricioaniche.ck,BindingsTest,3.0,0.0,3.0,3.0,0.0,0.0
.,com.github.mauricioaniche.ck,NumberOfTryCatchesTest,1.0,0.0,2.0,2.0,0.0,0.0
.,com.github.mauricioaniche.ck,ModifiersTest,15.0,0.0,6.0,6.0,0.5,0.0
.,com.github.mauricioaniche.ck,LCOMNormalizedTest,1.0,0.0,2.0,2.0,0.0,0.0
.,com.github.mauricioaniche.ck,NumberOfNumbersTest,1.0,0.0,2.0,2.0,0.0,0.0
.,com.github.mauricioaniche.ck,NumberOfLoopsTest,3.0,0.0,3.0,3.0,0.0,0.0
.,com.github.mauricioaniche.ck,JDTUtilsTest,1.0,0.0,2.0,2.0,0.0,0.0
.,com.github.mauricioaniche.ck,VariableOrParameterUsageCountTest,10.0,0.0,5.0,5.0,0.0,0.0
.,com.github.mauricioaniche.ck,MetricsPerClassesAndInnerClassesTest,1.0,0.0,2.0,2.0,0.0,0.0
.,com.github.mauricioaniche.ck,GenericsTest,3.0,0.0,3.0,3.0,0.0,0.0
.,com.github.mauricioaniche.ck,NOSITest,6.0,0.0,4.0,4.0,0.0,0.0
.,com.github.mauricioaniche.ck,LCOMTest,1.0,0.0,2.0,2.0,0.0,0.0
.,com.github.mauricioaniche.ck,NumberOfStringsTest,1.0,0.0,2.0,2.0,0.0,0.0
.,com.github.mauricioaniche.ck,VisibleMethodsTest,6.0,0.0,4.0,4.0,0.0,0.0
.,com.github.mauricioaniche.ck,NOCTest,1.0,0.0,2.0,2.0,0.0,0.0
.,com.github.mauricioaniche.ck,FieldsTest,36.0,0.0,9.0,9.0,0.0,0.0
.,com.github.mauricioaniche.ck,NumberOfVariablesTest,1.0,0.0,2.0,2.0,0.0,0.0
.,com.github.mauricioaniche.ck,NumberOfComparisonsTest,1.0,0.0,2.0,2.0,0.0,0.0
.,com.github.mauricioaniche.ck,CouplingTest,66.0,0.0,12.0,12.0,0.0,0.0
.,com.github.mauricioaniche.ck,CBOTest,105.0,0.0,15.0,15.0,0.0,0.0
.,com.github.mauricioaniche.ck,LocalFieldsTest,1.0,0.0,2.0,2.0,0.0,0.0
.,com.github.mauricioaniche.ck,NumberOfLogStatementsTest,6.0,0.0,4.0,4.0,0.0,0.0
.,com.github.mauricioaniche.ck,FieldUsageTest,21.0,0.0,7.0,7.0,0.0,0.0
.,com.github.mauricioaniche.ck,AssertResult,0.0,0.0,1.0,1.0,0.0,0.0
.,com.github.mauricioaniche.ck,MethodInvocationsTest,105.0,39.0,8.0,8.0,0.3888888888888889,0.0
.,com.github.mauricioaniche.ck,VariableNameExtractionTest,1.0,0.0,2.0,2.0,0.0,0.0
.,com.github.mauricioaniche.ck,FieldsAccessedTest,21.0,0.0,7.0,7.0,0.0,0.0
.,com.github.mauricioaniche.ck,LooseClassCohesionTest,28.0,0.0,8.0,8.0,0.0,0.25
.,com.github.mauricioaniche.ck,LOCTest,1.0,0.0,2.0,2.0,0.0,1.0
.,com.github.mauricioaniche.ck,CK,18.0,15.0,5.0,3.0,0.7000000000000001,0.2857142857142857
.,com.github.mauricioaniche.ck,Runner,3.0,0.0,3.0,3.0,0.0,1.0
.,com.github.mauricioaniche.ck,MetricsExecutor,0.0,0.0,1.0,1.0,0.25,0.0
.,com.github.mauricioaniche.ck,CKVisitor,129.0,0.0,4.0,4.0,0.7010033444816053,0.0
.,com.github.mauricioaniche.ck,MethodInTheStack,0.0,0.0,2.0,2.0,0.0,-1.0
.,com.github.mauricioaniche.ck,ClassInTheStack,0.0,0.0,3.0,3.0,0.0,0.0
.,com.github.mauricioaniche.ck,CKNotifier,1.0,0.0,2.0,2.0,0.0,-1.0
.,com.github.mauricioaniche.ck,ResultWriter,0.0,0.0,1.0,1.0,0.375,0.0
.,com.github.mauricioaniche.ck,CKMethodResult,2490.0,2424.0,25.0,25.0,0.9812206572769954,0.3472222222222222
.,com.github.mauricioaniche.ck,CKClassResult,5783.0,5680.0,45.0,45.0,0.9879972565157751,0.41284403669724773
.,com.github.mauricioaniche.ck.util,FileUtilsTest,45.0,0.0,10.0,10.0,0.4444444444444444,0.5
.,com.github.mauricioaniche.ck.util,WordCounterTest,6.0,0.0,4.0,4.0,0.0,1.0
.,com.github.mauricioaniche.ck.util,DependencySorterTest,42.0,39.0,8.0,8.0,0.7777777777777778,0.8
.,com.github.mauricioaniche.ck.util,CM1,0.0,0.0,1.0,1.0,0.0,0.0
.,com.github.mauricioaniche.ck.util,CM2,0.0,0.0,1.0,1.0,0.0,0.0
.,com.github.mauricioaniche.ck.util,CM3,0.0,0.0,1.0,1.0,0.0,0.0
.,com.github.mauricioaniche.ck.util,CM4,0.0,0.0,1.0,1.0,0.0,0.0
.,com.github.mauricioaniche.ck.util,MM1,0.0,0.0,1.0,1.0,0.0,0.0
.,com.github.mauricioaniche.ck.util,CM5,1.0,0.0,2.0,2.0,0.0,1.0
.,com.github.mauricioaniche.ck.util,LOCCalculatorTest,55.0,0.0,11.0,11.0,0.0,1.0
.,com.github.mauricioaniche.ck.util,MetricsFinder,12.0,9.0,4.0,2.0,0.7333333333333333,0.3333333333333333
.,com.github.mauricioaniche.ck.util,DependencySorter,3.0,0.0,3.0,2.0,0.0,0.6666666666666666
.,com.github.mauricioaniche.ck.util,FileUtils,15.0,0.0,6.0,4.0,0.8,0.5
.,com.github.mauricioaniche.ck.util,JDTUtils,78.0,0.0,13.0,4.0,0.0,0.3076923076923077
.,com.github.mauricioaniche.ck.util,WordCounter,3.0,0.0,3.0,2.0,1.0,0.6666666666666666
.,com.github.mauricioaniche.ck.util,LOCCalculator,10.0,0.0,5.0,1.0,1.0,0.0
.,com.github.mauricioaniche.ck.integration,IntegrationTest,7.0,4.0,3.0,3.0,0.5,0.6
.,com.github.mauricioaniche.ck.realworld,HugeRealWorldClassTest,1.0,0.0,2.0,2.0,0.0,1.0
.,com.github.mauricioaniche.ck.realworld,RealWorldClassesTest,153.0,0.0,18.0,18.0,0.0,1.0
.,com.github.mauricioaniche.ck.metric,NOC,2.0,1.0,2.0,2.0,0.75,0.6666666666666666
.,com.github.mauricioaniche.ck.metric,NumberOfComparisons,0.0,0.0,1.0,1.0,-0.0,0.0
.,com.github.mauricioaniche.ck.metric,NumberOfInnerClassesLambdasAndAnonymousClasses,0.0,0.0,1.0,1.0,0.45,0.0
.,com.github.mauricioaniche.ck.metric,NumberOfVariables,0.0,0.0,1.0,1.0,-0.0,0.0
.,com.github.mauricioaniche.ck.metric,CBO,348.0,345.0,25.0,1.0,0.9230769230769231,0.0
.,com.github.mauricioaniche.ck.metric,NumberOfMathOperators,0.0,0.0,1.0,1.0,0.5,0.0
.,com.github.mauricioaniche.ck.metric,LCOMNormalized,2.0,0.0,1.0,1.0,0.4666666666666667,0.0
.,com.github.mauricioaniche.ck.metric,NumberOfMethods,0.0,0.0,1.0,1.0,-0.0,0.0
.,com.github.mauricioaniche.ck.metric,MethodLevelFieldUsageCount,31.0,17.0,1.0,1.0,0.7777777777777778,0.0
.,com.github.mauricioaniche.ck.metric,ClassLevelWordCounter,9.0,8.0,4.0,1.0,0.75,0.0
.,com.github.mauricioaniche.ck.metric,CKASTVisitor,19503.0,0.0,198.0,198.0,0.0,-1.0
.,com.github.mauricioaniche.ck.metric,NumberOfLoops,0.0,0.0,1.0,1.0,-0.0,0.0
.,com.github.mauricioaniche.ck.metric,MethodInvocationsLocal,6.0,0.0,4.0,1.0,0.0,0.0
.,com.github.mauricioaniche.ck.metric,VariableOrParameterUsageCount,2.0,0.0,1.0,1.0,0.375,0.0
.,com.github.mauricioaniche.ck.metric,VariableOrFieldMetric,0.0,0.0,0.0,0.0,0.0,-1.0
.,com.github.mauricioaniche.ck.metric,CouplingExtras,66.0,54.0,5.0,2.0,0.8666666666666667,0.15384615384615385
.,com.github.mauricioaniche.ck.metric,NumberOfAssignments,0.0,0.0,1.0,1.0,-0.0,0.0
.,com.github.mauricioaniche.ck.metric,MethodLevelMetric,1.0,0.0,2.0,2.0,0.0,-1.0
.,com.github.mauricioaniche.ck.metric,JavadocLines,1.0,0.0,1.0,1.0,0.5,0.0
.,com.github.mauricioaniche.ck.metric,NumberOfLogStatements,3.0,0.0,2.0,1.0,0.3333333333333333,0.0
.,com.github.mauricioaniche.ck.metric,LCOM,9.0,3.0,2.0,1.0,0.6,0.0
.,com.github.mauricioaniche.ck.metric,NumberOfMaxNestedBlock,173.0,115.0,9.0,1.0,0.8,0.0
.,com.github.mauricioaniche.ck.metric,TightClassCohesion,9.0,8.0,4.0,1.0,0.75,0.0
.,com.github.mauricioaniche.ck.metric,WMC,177.0,54.0,8.0,1.0,0.6458333333333334,0.0
.,com.github.mauricioaniche.ck.metric,MethodLevelWordCounter,0.0,0.0,1.0,1.0,-0.0,0.0
.,com.github.mauricioaniche.ck.metric,NumberOfReturns,0.0,0.0,1.0,1.0,-0.0,0.0
.,com.github.mauricioaniche.ck.metric,ClassLevelMetric,1.0,0.0,2.0,2.0,0.0,-1.0
.,com.github.mauricioaniche.ck.metric,NOCExtras,7.0,4.0,3.0,3.0,0.625,0.4
.,com.github.mauricioaniche.ck.metric,NumberOfParameters,0.0,0.0,1.0,1.0,-0.0,0.0
.,com.github.mauricioaniche.ck.metric,NumberOfFields,0.0,0.0,1.0,1.0,-0.0,0.0
.,com.github.mauricioaniche.ck.metric,DIT,2.0,1.0,2.0,1.0,0.5,0.0
.,com.github.mauricioaniche.ck.metric,NumberOfParenthesis,0.0,0.0,1.0,1.0,-0.0,0.0
.,com.github.mauricioaniche.ck.metric,NumberOfTryCatches,0.0,0.0,1.0,1.0,-0.0,0.0
.,com.github.mauricioaniche.ck.metric,NumberOfNumbers,0.0,0.0,1.0,1.0,-0.0,0.0
.,com.github.mauricioaniche.ck.metric,Coupling,171.0,0.0,6.0,3.0,0.7023809523809523,0.10344827586206896
.,com.github.mauricioaniche.ck.metric,NOSI,0.0,0.0,1.0,1.0,-0.0,0.0
.,com.github.mauricioaniche.ck.metric,RFC,0.0,0.0,1.0,1.0,-0.0,0.0
.,com.github.mauricioaniche.ck.metric,NumberOfStringLiterals,0.0,0.0,1.0,1.0,-0.0,0.0
